job_title,job_location,company,search_city,job_skills,last_processed_time,first_seen,search_country,search_position,job_level,job_type
Phiên Dịch Viên,"Vĩnh Phương, Khánh Hòa",Công ty TNHH SX TM VĨNH PHƯƠNG đại diện cho Công ty TNHH SX TM VĨNH PHƯƠNG,Khánh Hòa,,24/03/2025,24/03/2025,Việt Nam,,,
Nhân Viên Bảo Trì,"Biên Hòa, Đồng Nai",Công Ty Cổ phần Dinh dưỡng động vật Vietswan đại diện cho Công Ty Cổ phần Dinh dưỡng động vật Vietswan,Đồng Nai,,24/03/2025,24/03/2025,Việt Nam,,,
Nhân Viên Tuyển Dụng,"Quận Thủ Đức, Hồ Chí Minh",GPG đại diện cho GPG,Hồ Chí Minh,,24/03/2025,24/03/2025,Việt Nam,,,
Phiên Dịch Viên,Hải Phòng,CÔNG TY TNHH Y-TEC VIỆT NAM,Hải Phòng,,24/03/2025,24/03/2025,Việt Nam,,,
Nhân Viên Lễ Tân,"Quận 1, Hồ Chí Minh",Công ty CP DV-ĐT 168,Hồ Chí Minh,,24/03/2025,24/03/2025,Việt Nam,,,
Tài Xế Chuyên Nghiệp,Đà Nẵng,Công ty TNHH Xây Lắp Ba Đình,Đà Nẵng,,24/03/2025,24/03/2025,Việt Nam,,,
Công Nhân,Hải Phòng,Công ty TNHH TM Sao Mai,Hải Phòng,,24/03/2025,24/03/2025,Việt Nam,,,
Quản Lý Đảm Bảo Chất Lượng,Tây Ninh,Công ty TNHH QL VietNam Agroresources đại diện cho Công ty TNHH QL VietNam Agroresources,Tây Ninh,,24/03/2025,24/03/2025,Việt Nam,,,
Bếp Trưởng,"Hội An, Quảng Nam",Nhà hàng Esco Beach Hội An đại diện cho Công ty TNHH Esco Beach,Quảng Nam,,24/03/2025,24/03/2025,Việt Nam,,,
Kế Toán Viên Nhân Viên,Hồ Chí Minh,CÔNG TY CỔ PHẦN HÓA MỸ PHẨM TỰ NHIÊN đại diện cho CÔNG TY CP HÓA MỸ PHẨM TỰ NHIÊN,Hồ Chí Minh,,24/03/2025,24/03/2025,Việt Nam,,,
Kỹ Sư Chất Lượng,"Quận Hai Bà Trưng, Hà Nội",TỔNG CÔNG TY CỔ PHẦN THƯƠNG MẠI XÂY DỰNG đại diện cho TỔNG CÔNG TY CỔ PHẦN THƯƠNG MẠI XÂY DỰNG,Hà Nội,,24/03/2025,24/03/2025,Việt Nam,,,
Cộng Tác Viên Truyền Thông Tiếp Thị,"Bình Thạnh, Hồ Chí Minh",Công ty VINAMR Marketing Research &amp; Consultants đại diện cho AMR Group,Hồ Chí Minh,,24/03/2025,24/03/2025,Việt Nam,,,
Nhân Viên Kinh Doanh,"Tân Bình, Hồ Chí Minh",Freelance Headhunter đại diện cho Freelance Headhunter,Hồ Chí Minh,,24/03/2025,24/03/2025,Việt Nam,,,
Sáng Tạo,"Quận 1, Hồ Chí Minh",CÔNG TY TNHH TRUYỀN THÔNG VÀ QUẢNG CÁO THẾ HỆ Z (GENZ VIET),Hồ Chí Minh,,24/03/2025,24/03/2025,Việt Nam,,,
Kỹ Thuật Viên Điện,Hưng Yên,JobsGO đại diện cho Công Ty TNHH DSM Vina,Hưng Yên,,24/03/2025,24/03/2025,Việt Nam,,,
Nhân Viên Phục Vụ Nhà Hàng,Đà Nẵng,ESCO BEACH đại diện cho ESCO BEACH,Đà Nẵng,,24/03/2025,24/03/2025,Việt Nam,,,
Nhân Viên Kinh Doanh,"Quận Hoàn Kiếm, Hà Nội",CÔNG TY TNHH KKDAY VIỆT NAM,Hà Nội,,24/03/2025,24/03/2025,Việt Nam,,,
Chuyên Viên Marketing,"Tân Bình, Hồ Chí Minh",Freelance Headhunter,Hồ Chí Minh,,24/03/2025,24/03/2025,Việt Nam,,,"
Chuyên Viên Tư Vấn Di Trú,"Quận 12, Hồ Chí Minh",CÔNG TY TNHH TƯ VẤN GIẢI PHÁP ĐỊNH CƯ ICAVIET đại diện cho CÔNG TY TNHH TƯ VẤN GIẢI PHÁP ĐỊNH CƯ ICAVIET,Hồ Chí Minh,,24/03/2025,24/03/2025,Việt Nam,,,
Nhân Viên Tư Vấn Bán Hàng Và Thiết Kế,"Quận 12, Hồ Chí Minh",CÔNG TY TNHH TMDV CÔNG NGHỆ VPS,Hồ Chí Minh,,24/03/2025,24/03/2025,Việt Nam,,,
Nhà Phát Triển Full Stack,"Bình Thạnh, Hồ Chí Minh",REERACOEN VIỆT NAM,Hồ Chí Minh,"python, php, etl, machine learning, deep learning, deploy",24/03/2025,24/03/2025,Việt Nam,"engineer, manager",manager,
Nhân Viên Phục Vụ Hồ Bơi,Thừa Thiên-Huế,SBH GLORIA HUE,Thừa Thiên-Huế,,24/03/2025,24/03/2025,Việt Nam,,,
Nhân Viên Bán Hàng,Nam Định,KingBee đại diện cho AQUA,Nam Định,,24/03/2025,24/03/2025,Việt Nam,,,
Người Lập Kế Hoạch Sản Xuất,Bến Tre,Công ty Tnhh May Mặc Alliance One đại diện cho Công ty Tnhh May Mặc Alliance One,Bến Tre,,24/03/2025,24/03/2025,Việt Nam,,,
Nhân Viên Kinh Doanh,Hà Nội,Công ty TNHH Đầu Tư và Tư Vấn EUREKA đại diện cho Công ty TNHH Đầu Tư  Và Tư Vấn EUREKA,Hà Nội,,24/03/2025,24/03/2025,Việt Nam,,,
Kiến Trúc Sư,"Hạ Long, Quảng Ninh",CÔNG TY TNHH TƯ VẤN THIẾT KẾ KIẾN TRÚC VÀ NỘI THẤT ST DESIGN,Quảng Ninh,,24/03/2025,24/03/2025,Việt Nam,,,
Nhân Viên Kinh Doanh,Hà Nội,REERACOEN VIỆT NAM,Hà Nội,,24/03/2025,24/03/2025,Việt Nam,,,
Nhân Viên Marketing,"Long Xuyên, An Giang",CÔNG TNHH MTV DVVP TOÀN CẦU,An Giang,,24/03/2025,24/03/2025,Việt Nam,,,
Nhân Viên Tư Vấn Bán Hàng Ô Tô,"Uông Bí, Quảng Ninh",Công ty cổ phần Đông Đô Quảng Ninh đại diện cho Công ty Cổ phần Đông Đô Quảng Ninh,Quảng Ninh,,24/03/2025,24/03/2025,Việt Nam,,,
Trưởng Phòng Marketing Hiệu Suất,"Quận Đống Đa, Hà Nội",CTCP Xây dựng và Thiết kế Kasi đại diện cho CTCP Xây dựng và Thiết kế Kasi,Hà Nội,,24/03/2025,24/03/2025,Việt Nam,,,
Nhân Viên Kinh Doanh,Hồ Chí Minh,Công ty TNHH xuất nhập khẩu và thương mại Sài Gòn đại diện cho Công ty TNHH xuất nhập khẩu và thương mại Sài Gòn,Hồ Chí Minh,,24/03/2025,24/03/2025,Việt Nam,,,
Nhân Viên Xử Lý Đơn Hàng,"Cái Bè, Tiền Giang",Công Ty TNHH MTV Dream Mekong đại diện cho Công ty TNHH MTV Dream Mekong,Tiền Giang,,24/03/2025,24/03/2025,Việt Nam,,,
Quản Lý Sản Xuất,"Tân Bình, Hồ Chí Minh",Công ty Worklink Việt Nam,Hồ Chí Minh,,24/03/2025,24/03/2025,Việt Nam,,,
Giáo Viên Tiếng Anh,"Ciputra, Hà Nội",CÔNG TY TNHH VISION MENTORS,Hà Nội,,24/03/2025,24/03/2025,Việt Nam,,,"
Chuyên Viên Tuyển Dụng,Hồ Chí Minh,CÔNG TY TNHH DỊCH VỤ SECOM đại diện cho CÔNG TY TNHH DỊCH VỤ SECOM,Hồ Chí Minh,,24/03/2025,24/03/2025,Việt Nam,,,
Nhân Viên Kinh Doanh,"Tân Bình, Hồ Chí Minh",Công ty TNHH Xuất nhập Khẩu Daikon Việt Nam,Hồ Chí Minh,,24/03/2025,24/03/2025,Việt Nam,,,
Nhân Viên Tư Vấn Bán Hàng Tại Showroom,"Bình Thạnh, Hồ Chí Minh",CÔNG TY TNHH CÔNG NGHỆ VÀ TIN HỌC HỒNG PHÁT,Hồ Chí Minh,,24/03/2025,24/03/2025,Việt Nam,,,
Trưởng Phòng Marketing Hiệu Suất,"Quận Hai Bà Trưng, Hà Nội",TỔNG CÔNG TY CỔ PHẦN THƯƠNG MẠI XÂY DỰNG đại diện cho TỔNG CÔNG TY CỔ PHẦN THƯƠNG MẠI XÂY DỰNG,Hà Nội,,24/03/2025,24/03/2025,Việt Nam,,,
Học Viên Thực Tập,Hà Nội,Công Ty TNHH Tinimex,Hà Nội,,24/03/2025,24/03/2025,Việt Nam,,,
Kỹ Sư Bảo Trì,"Bình Thạnh, Hồ Chí Minh",REERACOEN VIỆT NAM,Hồ Chí Minh,,24/03/2025,24/03/2025,Việt Nam,,,
Công Nhân Điện Lực,"Quận Thủ Đức, Hồ Chí Minh",Công Ty TNHH XNK Nông Sản Công Nghệ đại diện cho Công Ty TNHH XNK Nông Sản Công Nghệ,Hồ Chí Minh,,24/03/2025,24/03/2025,Việt Nam,,,
Nhà Thiết Kế Cad,"Quận Bình Tân, Hồ Chí Minh",REERACOEN VIỆT NAM,Hồ Chí Minh,,24/03/2025,24/03/2025,Việt Nam,,,
Nhân Viên Tài Chính,"Quận Cầu Giấy, Hà Nội",Công ty CP Tập đoàn Phú Minh Sơn đại diện cho Công ty CP Tập đoàn Phú Minh Sơn,Hà Nội,,24/03/2025,24/03/2025,Việt Nam,,,
Chuyên Viên Phát Triển Và Đào Tạo,"Quận Thủ Đức, Hồ Chí Minh",GPG đại diện cho GPG,Hồ Chí Minh,,24/03/2025,24/03/2025,Việt Nam,,,
Chuyên Viên Nhân Sự Tổng Hợp,"Quận Bình Tân, Hồ Chí Minh",Công ty TNHH Lạc Tỷ,Hồ Chí Minh,,24/03/2025,24/03/2025,Việt Nam,manager,"senior, manager",
Kỹ Sư Môi Trường,Hồ Chí Minh,CÔNG TY TNHH ESUHAI TECHNOLOGY,Hồ Chí Minh,,24/03/2025,24/03/2025,Việt Nam,,,
Nhân Viên Lễ Tân,Thừa Thiên-Huế,SBH GLORIA HUE,Thừa Thiên-Huế,,24/03/2025,24/03/2025,Việt Nam,support,,
Kỹ Sư Thiết Kế Dân Dụng,"Quận Long Biên, Hà Nội",Công ty cổ phần giải pháp tự động hóa DNBC,Hà Nội,,24/03/2025,24/03/2025,Việt Nam,,,
Thợ May Công Nghiệp,"Quận Tân Phú, Hồ Chí Minh",Công ty Cổ Phần May Việt Thịnh,Hồ Chí Minh,,24/03/2025,24/03/2025,Việt Nam,,,
Thợ Sơn Xe Hơi,"Quận 2, Hồ Chí Minh",Telestar Vietnam,Hồ Chí Minh,,24/03/2025,24/03/2025,Việt Nam,,,
Chuyên Viên Phân Tích Kinh Doanh Thương Mại Điện Tử,"Quận 3, Hồ Chí Minh",Công ty CP Du lịch Coxi,Hồ Chí Minh,,24/03/2025,24/03/2025,Việt Nam,,,
Kỹ Thuật Viên Hỗ Trợ It,"Thuận An, Bình Dương",REERACOEN VIỆT NAM,Bình Dương,,24/03/2025,24/03/2025,Việt Nam,,,
Kỹ Sư Xây Dựng,Hồ Chí Minh,CÔNG TY TNHH ESUHAI TECHNOLOGY,Hồ Chí Minh,,24/03/2025,24/03/2025,Việt Nam,,,
Chuyên Gia Quay Phim,"Quận Đống Đa, Hà Nội",CTCP Xây dựng và Thiết kế Kasi đại diện cho CTCP Xây dựng và Thiết kế Kasi,Hà Nội,,24/03/2025,24/03/2025,Việt Nam,,,
Nhân Viên Kinh Doanh,"Bình Chánh, Hồ Chí Minh",CÔNG TY TNHH PET UNIVERSE đại diện cho CÔNG TY TNHH PET UNIVERSE,Hồ Chí Minh,,24/03/2025,24/03/2025,Việt Nam,,,
Kỹ Sư Điện,"An Hải, Đà Nẵng",Công ty TNHH Tư vấn xây dựng và thương mại Ngọc Long Việt,Đà Nẵng,,24/03/2025,24/03/2025,Việt Nam,,,
Chuyên Gia Quay Phim,"Quận Thanh Xuân, Hà Nội",Forest Music Group,Hà Nội,,24/03/2025,24/03/2025,Việt Nam,manager,manager,
Học Viên Thực Tập,"Tân Bình, Hồ Chí Minh",Công ty TNHH Thương Mại Dịch Vụ Web Ideas,Hồ Chí Minh,,24/03/2025,24/03/2025,Việt Nam,,,
Quản Lý Bán Lẻ,"Quận 3, Hồ Chí Minh",Công ty CP Du lịch Coxi,Hồ Chí Minh,,24/03/2025,24/03/2025,Việt Nam,,,
Nhân Viên Kinh Doanh,"Quận Đống Đa, Hà Nội",CTCP Xây dựng và Thiết kế Kasi đại diện cho CTCP Xây dựng và Thiết kế Kasi,Hà Nội,,24/03/2025,24/03/2025,Việt Nam,,,
Nhân Viên Kế Toán,"Quận 1, Hồ Chí Minh",Cty TNHH TMDV Tài Tiến Phát đại diện cho Công ty TNHH TMDV Tài Tiến Phát,Hồ Chí Minh,,24/03/2025,24/03/2025,Việt Nam,,"junior, senior",
Nhân Viên Kinh Doanh,"Quận 1, Hồ Chí Minh",REERACOEN VIETNAM,Hồ Chí Minh,,24/03/2025,24/03/2025,Việt Nam,,,
Nhân Viên Tuyển Dụng,"Tân Bình, Hồ Chí Minh",Freelance Headhunter,Hồ Chí Minh,,24/03/2025,24/03/2025,Việt Nam,manager,"leader, manager",
Nhân Viên An Ninh Doanh Nghiệp,"Quận Thủ Đức, Hồ Chí Minh",Công ty TNHH VTQT Đại Dương Xanh,Hồ Chí Minh,,24/03/2025,24/03/2025,Việt Nam,,,
Nhân viên CSKH Nhà hàng,Bình Định,Khu Du Lịch Sinh Thái Hầm Hô Rosa Alba,Bình Định,,24/03/2025,24/03/2025,Việt Nam,,,
Kỹ Thuật Viên Hỗ Trợ It,"Quận Bình Tân, Hồ Chí Minh",Công ty TNHH Lạc Tỷ,Hồ Chí Minh,,24/03/2025,24/03/2025,Việt Nam,,,
Phiên Dịch Viên,"Quận 10, Hồ Chí Minh",CÔNG TY TNHH HIBARI VIỆT NAM,Hồ Chí Minh,,24/03/2025,24/03/2025,Việt Nam,,,
Nhân Viên Nhân Sự,"Quận 7, Hồ Chí Minh",Công ty TNHH MTV Trần Hân,Hồ Chí Minh,,24/03/2025,24/03/2025,Việt Nam,,,
General Accountant (Manufacturing),Hà Nội,HRchannels.com,Hà Nội,,24/03/2025,24/03/2025,Việt Nam,manager,manager,
Bartender,Hồ Chí Minh,Nhà hàng Satsuma House,Hồ Chí Minh,,24/03/2025,24/03/2025,Việt Nam,,,"
Nhân Viên Tài Chính,"Tân Bình, Hồ Chí Minh",Đại diện tuyển dụng - Ngân hàng đại diện cho Ngân hàng Việt Nam,Hồ Chí Minh,,24/03/2025,24/03/2025,Việt Nam,,,
Nhân Viên Tổng Đài,"Tân Bình, Hồ Chí Minh",NGUYEN AN NAM,Hồ Chí Minh,,24/03/2025,24/03/2025,Việt Nam,,,
Kỹ Sư Chất Lượng,Quảng Ngãi,Sumida,Quảng Ngãi,,24/03/2025,24/03/2025,Việt Nam,,,
Quản lý bán hàng Vùng (khu vực phía Bắc) - nhãn hàng sơn Tuylips - Hoa hồng không giới hạn,,,,,24/03/2025,24/03/2025,Việt Nam,,,
Chủ nhiệm lớp Anh ngữ - Ocean Edu Móng Cái - Lương từ 13 triệu/tháng,,,,oracle,24/03/2025,24/03/2025,Việt Nam,,,
Import - Export Staff,"Phủ Lý, Hà Nam",CÔNG TY TNHH SẢN XUẤT CỬA TA YONG,Hà Nam,,24/03/2025,24/03/2025,Việt Nam,,,
Purchaser,Bình Dương,Talent Viet,Bình Dương,,24/03/2025,24/03/2025,Việt Nam,support,,
Nhân Viên Lễ Tân,"Quận Hai Bà Trưng, Hà Nội",Công ty TNHH Đầu Tư Thương Mại và Dịch Vụ Vân Sơn,Hà Nội,,24/03/2025,24/03/2025,Việt Nam,,,
Nhân Viên Giặt Là,"Nha Trang, Khánh Hòa",Công ty TNHH Queen Ann Nha Trang,Khánh Hòa,,24/03/2025,24/03/2025,Việt Nam,,,
Kế Toán Viên,Lâm Đồng,Công ty TNHH TM&DV Trường Hoàng,Lâm Đồng,,24/03/2025,24/03/2025,Việt Nam,,,
Kỹ Sư Dịch Vụ Kỹ Thuật,"Vân Cốc, Bắc Giang",REERACOEN VIỆT NAM,Bắc Giang,,24/03/2025,24/03/2025,Việt Nam,,,
Quản Lý Chất Lượng,"Bình Chánh, Hồ Chí Minh",CÔNG TY TNHH PET UNIVERSE đại diện cho CÔNG TY TNHH PET UNIVERSE,Hồ Chí Minh,,24/03/2025,24/03/2025,Việt Nam,,,
Trưởng Nhóm Kế Toán,"Quận Hoàn Kiếm, Hà Nội",Cty Mắt Kính Thanh Lịch,Hà Nội,,24/03/2025,24/03/2025,Việt Nam,,,
Kỹ Sư Cơ Điện,"Huyện Từ Liêm, Hà Nội",Công Ty TNHH Cơ Điện VNE Việt Nam,Hà Nội,,24/03/2025,24/03/2025,Việt Nam,,,
Export Documentation Staff / Nhân Viên Chứng Từ Hàng Xuất (Competitive Salary and Attractive Bonus),,,,,24/03/2025,24/03/2025,Việt Nam,manager,manager,
Kỹ Thuật Viên Môi Trường,"Long Bình, Hồ Chí Minh","FULL IN Vietnam Co., Ltd",Hồ Chí Minh,,24/03/2025,24/03/2025,Việt Nam,,,
Nhà Nhuộm Màu,"Tây Hồ, Hà Nội",Công Ty Cổ Phần Tập Đoàn Minh Anh,Hà Nội,,24/03/2025,24/03/2025,Việt Nam,,,
Nhà Phát Triển Java,"Phú Mỹ, Hồ Chí Minh",CÔNG TY TNHH WORLD WAVE CULTURE TECHNOLOGY,Hồ Chí Minh,"java, sql, mongodb, mysql, database, cloud",24/03/2025,24/03/2025,Việt Nam,,middle,
Nhân Viên Editor,Hà Nội,CôNg Ty Cổ PhầN Gió Media,Hà Nội,,24/03/2025,24/03/2025,Việt Nam,,,
Demand Planning Manager,Hồ Chí Minh,PNJ,Hồ Chí Minh,,24/03/2025,24/03/2025,Việt Nam,manager,manager,
Commis II | Le Méridien Saigon,Hồ Chí Minh,Le Meridien Saigon,Hồ Chí Minh,,24/03/2025,24/03/2025,Việt Nam,"support, manager",manager,
Nhân Viên Kinh Doanh,"Ngọc Hà, Hà Nội",Công ty TNHH Thương mại Thiên Linh,Hà Nội,,24/03/2025,24/03/2025,Việt Nam,,,
Quản Lý Chất Lượng,"Thuận An, Bình Dương",REERACOEN VIỆT NAM,Bình Dương,,24/03/2025,24/03/2025,Việt Nam,,,
Nhân Viên Bán Hàng,"Xuân Thới Thượng, Hồ Chí Minh",CÔNG TY TNHH MỸ PHẨM KHANG THỊNH,Hồ Chí Minh,,24/03/2025,24/03/2025,Việt Nam,,,
Học viện Công nghệ Bưu chính Viễn thông cơ sở TP. HCM tuyển dụng giảng viên cơ hữu năm 2025,,,,,24/03/2025,24/03/2025,Việt Nam,,,
Safety Officer,Hà Nội,Talent Viet,Hà Nội,,24/03/2025,24/03/2025,Việt Nam,support,,
Nhân viên bán hàng,Bình Định,Khu Du Lịch Sinh Thái Hầm Hô Rosa Alba,Bình Định,,24/03/2025,24/03/2025,Việt Nam,,,
Nhân Viên Kiểm Soát Chất Lượng,Hải Dương,Công ty TNHH ORC  Việt Nam,Hải Dương,,24/03/2025,24/03/2025,Việt Nam,,,
Kiến Trúc Sư,"Quận Cầu Giấy, Hà Nội",REERACOEN VIỆT NAM,Hà Nội,,24/03/2025,24/03/2025,Việt Nam,,,
Giám sát Đào tạo,Khánh Hòa,AQUAMARINE RESORT & SPA CAM RANH,Khánh Hòa,,24/03/2025,24/03/2025,Việt Nam,,,
General Accountant | Le Méridien Saigon25048802,Hồ Chí Minh,Le Meridien Saigon,Hồ Chí Minh,,24/03/2025,24/03/2025,Việt Nam,support,,
Rice Seed Grow Officer,Cần Thơ,Talent Viet,Cần Thơ,,24/03/2025,24/03/2025,Việt Nam,,,
Nhân Viên Marketing,Hà Nội,Công ty TNHH Đầu Tư và Tư Vấn EUREKA đại diện cho Công ty TNHH Đầu Tư  Và Tư Vấn EUREKA,Hà Nội,,24/03/2025,24/03/2025,Việt Nam,,,
Kỹ Sư Công Nghệ,"Quận Ba Ðình, Hà Nội",REERACOEN VIỆT NAM,Hà Nội,"Network system, cloud",24/03/2025,24/03/2025,Việt Nam,"engineer, support",,
Kỹ Sư,"Phú Mỹ, Hồ Chí Minh","Vina Lanai Co., Ltd",Hồ Chí Minh,,24/03/2025,24/03/2025,Việt Nam,support,leader,
Nhân Viên Giao Nhận Hàng Hóa,"Ngọc Hà, Hà Nội",Công ty TNHH Thương mại Thiên Linh,Hà Nội,,24/03/2025,24/03/2025,Việt Nam,,,"
Lễ tân  Thu ngân,Hà Nội,Nhà hàng Gen Gold,Hà Nội,,24/03/2025,24/03/2025,Việt Nam,,,
Nhân Viên Bán Hàng,"Long Xuyên, An Giang",CÔNG TNHH MTV DVVP TOÀN CẦU,An Giang,,24/03/2025,24/03/2025,Việt Nam,,,
Secretary to BOM,Hồ Chí Minh,Talent Viet,Hồ Chí Minh,,24/03/2025,24/03/2025,Việt Nam,,,
Giám Sát Quầy Bar,"Quận 5, Hồ Chí Minh","CÔNG TY CP XNK DỊCH VỤ & DU LỊCH HÙNG VƯƠNG HAVIMEC.,JSC",Hồ Chí Minh,,24/03/2025,24/03/2025,Việt Nam,,,
Kỹ Sư Dự Toán,"Huyện Từ Liêm, Hà Nội",CÔNG TY CỔ PHẦN CÔNG NGHIỆP FUJI VIỆT NAM,Hà Nội,,24/03/2025,24/03/2025,Việt Nam,,,"
Nhân Viên Bán Hàng Tại Cửa Hàng,"Quận Hoàn Kiếm, Hà Nội",Cty Mắt Kính Thanh Lịch,Hà Nội,,24/03/2025,24/03/2025,Việt Nam,,,
Nhân Viên Bảo Trì,"Châu Thành, Tiền Giang",Nhà máy chế biến thủy sản đông lạnh xuất khẩu An An,Tiền Giang,,24/03/2025,24/03/2025,Việt Nam,,,
Giáo Viên Tiếng Nhật,"An Lạc, Hồ Chí Minh",Công ty TNHH Lạc Tỷ,Hồ Chí Minh,,24/03/2025,24/03/2025,Việt Nam,,,"
Nhân Viên Kinh Doanh,"Huyện Từ Liêm, Hà Nội",CÔNG TY CỔ PHẦN XUẤT NHẬP KHẨU VÀ CÔNG NGHỆ VIỆT NAM,Hà Nội,,24/03/2025,24/03/2025,Việt Nam,,,"
General Accountant,Phú Quốc, Kiên Giang,Sheraton Phu Quoc Long Beach Resort,Kiên Giang,,24/03/2025,24/03/2025,Việt Nam,"support, manager",manager,
Product Management Trainee (Tiếng Trung),Quận 7, Hồ Chí Minh,CÔNG TY OPPO VIỆT NAM,Hồ Chí Minh,,24/03/2025,24/03/2025,Việt Nam,,,"
Commis,Phú Quốc, Kiên Giang,Sheraton Phu Quoc Long Beach Resort,Kiên Giang,,24/03/2025,24/03/2025,Việt Nam,"support, manager",manager,
Kỹ Thuật Viên Tự Động Hóa,Đà Nẵng,CÔNG TY TNHH MATRIX VIỆT NAM,Đà Nẵng,,24/03/2025,24/03/2025,Việt Nam,engineer,,"
Chuyên Gia Seo,Quận 1, Hồ Chí Minh,CÔNG TY CỔ PHẦN VIỆT NAM TICKETS đại diện cho Công Ty Cổ Phần Việt Nam Tickets,Hồ Chí Minh,,24/03/2025,24/03/2025,Việt Nam,,,
Nhân Viên Lễ Tân Nữ,Bình Phước,Khách Sạn Tân Hạnh,Bình Phước,,24/03/2025,24/03/2025,Việt Nam,,,
Nhân Viên Đào Tạo,Quận 5, Hồ Chí Minh,Công ty TNHH Đầu Tư Giáo Dục Rainbow đại diện cho Trung tâm Anh ngữ Rainbow,Hồ Chí Minh,,24/03/2025,24/03/2025,Việt Nam,,,
Chuyên Viên Bán Hàng,"Buôn Ma Thuột, Đắk Lắk",THACO AUTO ĐẮK LẮK đại diện cho CÔNG TY CP Ô TÔ THÀNH TRUNG,Đắk Lắk,,24/03/2025,24/03/2025,Việt Nam,,,"
Nhà Thiết Kế Kiến Trúc,"Quận 7, Hồ Chí Minh",CTY TNHH MTV THIẾT KẾ KIẾN TRÚC VÀ XÂY DỰNG HYCONS,Hồ Chí Minh,,24/03/2025,24/03/2025,Việt Nam,,,"
Kỹ Sư Thiết Kế Dân Dụng,"Quận 12, Hồ Chí Minh",Công ty TNHH Cửa Phú Mỹ Hưng,Hồ Chí Minh,,24/03/2025,24/03/2025,Việt Nam,,,
Nhân Viên Hành Chính Tiếng Trung (Không Yêu Cầu Kinh Nghiệm) - Long Biên,,,,,24/03/2025,24/03/2025,Việt Nam,,,"
Reservations Agent,Nha Trang,Khánh Hòa,Nha Trang Marriott Resort & Spa Hon Tre Island,Khánh Hòa,,24/03/2025,24/03/2025,Việt Nam,support,,
Assistant Front Office Manager (AFOM),Bà Rịa-Vũng Tàu,Poulo Condor Boutique Resort & Spa,Bà Rịa-Vũng Tàu,,24/03/2025,24/03/2025,Việt Nam,,,
Admissions cum Customer Service Officer,Quận 11, Hồ Chí Minh,APU - AMERICAN INTERNATIONAL SCHOOL,Hồ Chí Minh,database,24/03/2025,24/03/2025,Việt Nam,"support, manager",manager,"
Chuyên Viên Kiểm Soát Nội Bộ,Hồ Chí Minh,JobsGO Recruit,Hồ Chí Minh,,24/03/2025,24/03/2025,Việt Nam,,,
Trợ Lý QA / QA Assistant,Xã Hòa Phú, Hồ Chí Minh,CÔNG TY TNHH DAEHAN MOTORS,Hồ Chí Minh,,24/03/2025,24/03/2025,Việt Nam,,,
Kế Toán,Hồ Chí Minh,OUTSOURCE SOLUTIONS CO.,LTD đại diện cho OUTSOURCE SOLUTIONS CO.,LTD,Hồ Chí Minh,,24/03/2025,24/03/2025,Việt Nam,,,
Chuyên Viên Phát Triển Kinh Doanh,"Quận Hoàn Kiếm, Hà Nội",Cty Mắt Kính Thanh Lịch,Hà Nội,,24/03/2025,24/03/2025,Việt Nam,,,
Nhân Viên Hỗ Trợ,Đà Nẵng,CÔNG TY TNHH BEFAST đại diện cho CÔNG TY TNHH BEFAST,Đà Nẵng,,24/03/2025,24/03/2025,Việt Nam,,,
[Cao Bằng]  Gia Sư Dạy Giao Tiếp Tiếng Pháp Online (Part - Time),"Quận Cầu Giấy, Hà Nội",Công Ty Cổ Phần Giáo Dục Trực Tuyến FUNiX,Hà Nội,,24/03/2025,24/03/2025,Việt Nam,,,"
Chuyên Viên Bán Hàng,Hồ Chí Minh,CÔNG TY CỔ PHẦN HÓA MỸ PHẨM TỰ NHIÊN đại diện cho CÔNG TY CP HÓA MỸ PHẨM TỰ NHIÊN,Hồ Chí Minh,,24/03/2025,24/03/2025,Việt Nam,,,
Marketing Assistant Executive,Hồ Chí Minh,Talent Viet,Hồ Chí Minh,,24/03/2025,24/03/2025,Việt Nam,"tester, support, manager",manager,
Nhân Viên SEO – Website Marketing - Làm Việc Tại Thái Bình,Thái Bình,JobsGO Recruit,Thái Bình,,24/03/2025,24/03/2025,Việt Nam,analyst,,
Nhân Viên Kế Toán Nội Bộ (Đi Làm Ngay),,,,,24/03/2025,24/03/2025,Việt Nam,,,"
Nhân Viên Buồng Phòng Nam/Nữ,Bình Phước,Khách Sạn Tân Hạnh,Bình Phước,,24/03/2025,24/03/2025,Việt Nam,,,"
Chuyên Viên Kỹ Thuật Thiết Kế,,,,,24/03/2025,24/03/2025,Việt Nam,,,"
Nhân Viên Kiểm Soát Chất Lượng,"Long Mỹ, Bình Định",Công ty TNHH Sản xuất & Thương mại Việt Mỹ Bình Định,Bình Định,,24/03/2025,24/03/2025,Việt Nam,,,"
Kỹ Sư Chất Lượng,"An Lạc, Hồ Chí Minh",Công ty TNHH Lạc Tỷ,Hồ Chí Minh,,24/03/2025,24/03/2025,Việt Nam,,leader,"
Nhân Viên Phục Vụ Quầy Bar,"Hạ Long, Quảng Ninh",Novotel Ha Long Bay,Quảng Ninh,,24/03/2025,24/03/2025,Việt Nam,,,"
Kế Toán,"Thuận An, Bình Dương",CÔNG TY TNHH ĐẦU TƯ MINH NHI,Bình Dương,,24/03/2025,24/03/2025,Việt Nam,manager,manager,"
Executive Secretary To Production Director (25726) _Tân Uyên, Bình Dương,,,,,24/03/2025,24/03/2025,Việt Nam,director,director,"
Assistant to GM,Bình Dương,Talent Viet,Bình Dương,,24/03/2025,24/03/2025,Việt Nam,"support, manager",manager,
Biên Tập Viên Video,"Quận 1, Hồ Chí Minh",CÔNG TY TNHH THƯƠNG MẠI DỊCH VỤ TRENDY BEAUTY COSMETICS,Hồ Chí Minh,,24/03/2025,24/03/2025,Việt Nam,,,
Chuyên Viên Nhân Sự Tổng Hợp,Hồ Chí Minh,"EILI INDUSTRIAL VIETNAM CO., LTD",Hồ Chí Minh,,24/03/2025,24/03/2025,Việt Nam,,,
Quản Lý Nhân Sự,"Tây Hồ, Hà Nội",Công Ty Cổ Phần Tập Đoàn Minh Anh,Hà Nội,,24/03/2025,24/03/2025,Việt Nam,,,"
Kỹ Sư Thiết Kế,Hồ Chí Minh,CÔNG TY TNHH ESUHAI TECHNOLOGY,Hồ Chí Minh,,24/03/2025,24/03/2025,Việt Nam,,,
Nhân Viên Kinh Doanh,"Bình Thạnh, Hồ Chí Minh",Công ty CP Người Bạn Vàng - Bình Thạnh,Hồ Chí Minh,,24/03/2025,24/03/2025,Việt Nam,,,
Nhân Viên Lễ Tân,"Hội An, Quảng Nam",Nhà hàng Esco Beach Hội An đại diện cho Công ty TNHH Esco Beach,Quảng Nam,,24/03/2025,24/03/2025,Việt Nam,,,
Assistant Marketing Staff,,,,,24/03/2025,24/03/2025,Việt Nam,support,,
Receptionist/ Nhân viên lễ tân,Quảng Nam,Bellerive Hoi An Hotel & Spa,Quảng Nam,,24/03/2025,24/03/2025,Việt Nam,manager,manager,"
Kỹ Sư Tự Động Hóa Kiểm Thử,Hồ Chí Minh,Công ty TNHH Ê SU HAI,Hồ Chí Minh,,24/03/2025,24/03/2025,Việt Nam,,,
NHÂN VIÊN PHỤC VỤ (PART-TIME/FULLTIME),Bình Định,Khuiii Quy Nhơn,Bình Định,,24/03/2025,24/03/2025,Việt Nam,,,
F&B Supervisor25049759,"Phú Quốc, Kiên Giang",Sheraton Phu Quoc Long Beach Resort,Kiên Giang,,24/03/2025,24/03/2025,Việt Nam,"support, manager",manager,
Giáo Viên Tiếng Anh,"Quận Bình Tân, Hồ Chí Minh",HỆ THỐNG TRUNG TÂM ANH NGỮ ĐÔNG ĐÔ TÂY ĐÔ,Hồ Chí Minh,,24/03/2025,24/03/2025,Việt Nam,,,"
Chuyên Viên Tuyển Dụng,Hưng Yên,REERACOEN VIỆT NAM,Hưng Yên,,24/03/2025,24/03/2025,Việt Nam,support,,"
Trợ Lý Điều Hành,"Tân Bình, Hồ Chí Minh",Freelance Headhunter đại diện cho Freelance Headhunter,Hồ Chí Minh,,24/03/2025,24/03/2025,Việt Nam,,,
Nhân Viên Kinh Doanh - Hải Phòng,,,,,24/03/2025,24/03/2025,Việt Nam,,,"
Nhân Viên Bảo Trì Cơ/Điện (Lương Cạnh Tranh) (Tây Ninh),,,,,24/03/2025,24/03/2025,Việt Nam,,,"
Packaging Development Director,Hồ Chí Minh,Manpower VN,Hồ Chí Minh,,24/03/2025,24/03/2025,Việt Nam,,,
Kiến Trúc Sư,"Quận 1, Hồ Chí Minh",Công ty TNHH tư vấn thiết kế xây dựng Đương Đại,Hồ Chí Minh,,24/03/2025,24/03/2025,Việt Nam,,,"
Thợ Hàn Ô Tô,"Quận 2, Hồ Chí Minh",Telestar Vietnam,Hồ Chí Minh,,24/03/2025,24/03/2025,Việt Nam,,,
Nhân Viên Phát Triển Sản Phẩm,Hải Phòng,CÔNG TY TNHH Y-TEC VIỆT NAM,Hải Phòng,,24/03/2025,24/03/2025,Việt Nam,,,
Biên Dịch Viên,"Tân Bình, Hồ Chí Minh",Công ty Worklink Việt Nam,Hồ Chí Minh,,24/03/2025,24/03/2025,Việt Nam,,,
Area Manager,Hồ Chí Minh,HR1 Vietnam,Hồ Chí Minh,,24/03/2025,24/03/2025,Việt Nam,,leader,
Nhân Viên Tư Vấn Khách Hàng Qua Các Kênh Online,"Xóm Bến, Bến Tre",Công Ty TNHH Nha Khoa Sài Gòn Tâm Đức - Cà Mau,Bến Tre,,24/03/2025,24/03/2025,Việt Nam,,,
Kế Toán Trưởng,Hồ Chí Minh,CÔNG TY CỔ PHẦN HÓA MỸ PHẨM TỰ NHIÊN đại diện cho CÔNG TY CP HÓA MỸ PHẨM TỰ NHIÊN,Hồ Chí Minh,,24/03/2025,24/03/2025,Việt Nam,,,
Thực Tập Sinh Quản Lý,Đà Nẵng,AA-GlobalGroup,Đà Nẵng,,24/03/2025,24/03/2025,Việt Nam,,,
Học Viên Thực Tập,"Tân Bình, Hồ Chí Minh",CÔNG TY CỔ PHẦN TƯ VẤN PHÁT TRIỂN THƯƠNG HIỆU VIỆT,Hồ Chí Minh,,24/03/2025,24/03/2025,Việt Nam,,,
Nhân viên Nhập Liệu Tiếng Việt,,,,,24/03/2025,24/03/2025,Việt Nam,,,"
Nhân Viên Bán Hàng,"Tân Bình, Hồ Chí Minh",Siêu thị khu vực HCM,Hồ Chí Minh,,24/03/2025,24/03/2025,Việt Nam,,,
Nhân Viên Chăm Sóc Khách Hàng,Hà Nội,Công ty TNHH Đầu Tư và Tư Vấn EUREKA đại diện cho Công ty TNHH Đầu Tư  Và Tư Vấn EUREKA,Hà Nội,,24/03/2025,24/03/2025,Việt Nam,,,
"Kỹ Thuật Viên Nước cấp, Nước thải",,,,,24/03/2025,24/03/2025,Việt Nam,,,"
Trưởng Ca Sản Xuất Thực Phẩm,,,,,24/03/2025,24/03/2025,Việt Nam,,,"
Nhân Viên Kinh Doanh,"Phú Mỹ, Hồ Chí Minh",FORDTEK VIET NAM đại diện cho Công ty TNHH Fordtek INC,Hồ Chí Minh,,24/03/2025,24/03/2025,Việt Nam,,,
Nhà Thiết Kế Nội Thất Kiến Trúc Sư,"Quận 7, Hồ Chí Minh",CTY TNHH MTV THIẾT KẾ KIẾN TRÚC VÀ XÂY DỰNG HYCONS,Hồ Chí Minh,,24/03/2025,24/03/2025,Việt Nam,,,
CDP Pastry/ Tổ Trưởng Bếp Bánh,Kiên Giang,Radisson Blu Resort Phu Quoc,Kiên Giang,,24/03/2025,24/03/2025,Việt Nam,manager,manager,"
Nhân Viên Chăm Sóc Khách Hàng ( Full - Time),,,,,24/03/2025,24/03/2025,Việt Nam,,,"
Tài Xế,Hà Nội,Công ty TNHH Dược Khoa Xanh,Hà Nội,,24/03/2025,24/03/2025,Việt Nam,,,"
Kỹ Sư Thiết Kế Cơ Khí,"Tân Bình, Hồ Chí Minh",Freelance Headhunter,Hồ Chí Minh,,24/03/2025,24/03/2025,Việt Nam,,,"
Nhân Viên Quản Lý Bất Động Sản,"Tân Bình, Hồ Chí Minh",Freelance Headhunter,Hồ Chí Minh,,24/03/2025,24/03/2025,Việt Nam,"manager, director","manager, director","
Nhân Viên Kế Toán,"Quận 7, Hồ Chí Minh","Emers Vietnam Co., Ltd",Hồ Chí Minh,,24/03/2025,24/03/2025,Việt Nam,"support, manager","leader, manager",
Họa Sĩ Trò Chơi,Hồ Chí Minh,Windecor (Fountainhead) đại diện cho Fountainhead,Hồ Chí Minh,"artificial intelligence, IT Support, IT Support",24/03/2025,24/03/2025,Việt Nam,"support, manager","junior, expert, manager",
Kỹ Sư Thiết Kế,Hồ Chí Minh,Công ty TNHH xuất nhập khẩu và thương mại Sài Gòn đại diện cho Công ty TNHH xuất nhập khẩu và thương mại Sài Gòn,Hồ Chí Minh,,24/03/2025,24/03/2025,Việt Nam,,,
Nhân Viên Kế Toán,"Bình Thạnh, Hồ Chí Minh",Công ty cổ phần Liven Technology đại diện cho Công ty cổ phần Liven Technology,Hồ Chí Minh,,24/03/2025,24/03/2025,Việt Nam,,,
Kỹ Sư Cơ Khí,Hồ Chí Minh,CÔNG TY TNHH ESUHAI TECHNOLOGY,Hồ Chí Minh,,24/03/2025,24/03/2025,Việt Nam,,,
Nhân Viên Phát Triển Kinh Doanh,"Quận 1, Hồ Chí Minh",UCLOUD INFORMATION TECHNOLOGY(HK) LIMITED,Hồ Chí Minh,cloud,24/03/2025,24/03/2025,Việt Nam,,,"
Thợ Kim Hoàn,"Tân Bình, Hồ Chí Minh",Công ty vàng bạc đá quý Lộc Phúc,Hồ Chí Minh,,24/03/2025,24/03/2025,Việt Nam,,,
Mới Product Planning Staff,,,,,24/03/2025,24/03/2025,Việt Nam,,,
Thợ Điện,"Quận Tân Phú, Hồ Chí Minh",CÔNG TY TNHH XÂY DỰNG VÀ CƠ ĐIỆN TÂM BÌNH,Hồ Chí Minh,,24/03/2025,24/03/2025,Việt Nam,,,
Giám Sát Nhà Hàng,Thừa Thiên-Huế,SBH GLORIA HUE,Thừa Thiên-Huế,,24/03/2025,24/03/2025,Việt Nam,support,leader,"
Giáo Viên Trung Học,"Quận Bình Tân, Hồ Chí Minh",HỆ THỐNG TRUNG TÂM ANH NGỮ ĐÔNG ĐÔ TÂY ĐÔ,Hồ Chí Minh,,24/03/2025,24/03/2025,Việt Nam,,,"
Chuyên Viên Marketing,Hồ Chí Minh,"EILI INDUSTRIAL VIETNAM CO., LTD",Hồ Chí Minh,,24/03/2025,24/03/2025,Việt Nam,,,
Chuyên Viên Dịch Vụ Khách Hàng,"Quận 3, Hồ Chí Minh",Milan Pacific International Limited,Hồ Chí Minh,,24/03/2025,24/03/2025,Việt Nam,support,,
Nhà Tư Vấn Tuyển Dụng Giáo Dục,"Quận Cầu Giấy, Hà Nội",Công ty CP Nhân Lực Việt Nam Nhật Bản,Hà Nội,,24/03/2025,24/03/2025,Việt Nam,,,
Nhân Viên Thiết Kế Sản Phẩm,"Long Mỹ, Bình Định",Công ty TNHH Sản xuất & Thương mại Việt Mỹ Bình Định,Bình Định,,24/03/2025,24/03/2025,Việt Nam,,,"
Kỹ Thuật Viên Bảo Trì Thiết Bị,"Tân Bình, Hồ Chí Minh",Công ty Worklink Việt Nam,Hồ Chí Minh,,24/03/2025,24/03/2025,Việt Nam,,,"
Quản Lý Bán Lẻ,"Khu Công Nghiệp Sóng Thần, Bình Dương",CÔNG TY TNHH THỰC PHẨM THƯƠNG MẠI ĐẠI PHÁT đại diện cho CÔNG TY TNHH THỰC PHẨM THƯƠNG MẠI ĐẠI PHÁT,Bình Dương,,24/03/2025,24/03/2025,Việt Nam,,,
Nhân Viên Kinh Doanh,"Quận Hà Đông, Hà Nội",CÔNG TY CỔ PHẦN THƯƠNG MẠI VÀ DỊCH VỤ TICO GROUP,Hà Nội,,24/03/2025,24/03/2025,Việt Nam,,,"
Nhân Viên Kinh Doanh,"Tân Bình, Hồ Chí Minh",CÔNG TY CỔ PHẦN TƯ VẤN PHÁT TRIỂN THƯƠNG HIỆU VIỆT,Hồ Chí Minh,,24/03/2025,24/03/2025,Việt Nam,,,
Kế Toán Viên,"Quận 9, Hồ Chí Minh",CÔNG TY CỔ PHẦN DỊCH VỤ XUẤT KHẨU LAO ĐỘNG VÀ CHUYÊN GIA,Hồ Chí Minh,,24/03/2025,24/03/2025,Việt Nam,,,
Nhân Viên Kinh Doanh,Hải Phòng,Công Ty TNHH Vận Tải Quốc Tế Đại Dương Xanh,Hải Phòng,,24/03/2025,24/03/2025,Việt Nam,,,
Kỹ Thuật Viên Phòng Thí Nghiệm,"Châu Thành, Tiền Giang",Nhà máy chế biến thủy sản đông lạnh xuất khẩu An An,Tiền Giang,,24/03/2025,24/03/2025,Việt Nam,,,
Nhân Viên Kế Toán,"Tân Bình, Hồ Chí Minh",Công ty Worklink Việt Nam,Hồ Chí Minh,,24/03/2025,24/03/2025,Việt Nam,,,
Kế Toán Viên,"Quận 2, Hồ Chí Minh",CÔNG TY CỔ PHẦN GIẢI PHÁP CHUYÊN GIA STAR GLOBAL,Hồ Chí Minh,,24/03/2025,24/03/2025,Việt Nam,,,
Nhân Viên Lập Trình Vận Hành,"Quận Đống Đa, Hà Nội",resolve Computing Services,Hà Nội,"IT Infrastructure, cloud, deploy",24/03/2025,24/03/2025,Việt Nam,support,expert,
Nhân Viên Chăm Sóc Khách Hàng,"Quận Bình Tân, Hồ Chí Minh",Công Ty CP Khoa Học Công Nghệ Avatek,Hồ Chí Minh,,24/03/2025,24/03/2025,Việt Nam,,,
Trợ Lý Kỹ Thuật,"Quận Hoàn Kiếm, Hà Nội",Khách sạn Mường Thanh Hà Nội Centre,Hà Nội,,24/03/2025,24/03/2025,Việt Nam,,,"
Nhân Viên Kinh Doanh,"Tân Bình, Hồ Chí Minh",Công ty Worklink Việt Nam,Hồ Chí Minh,,24/03/2025,24/03/2025,Việt Nam,,,
Phiên Dịch Viên,"Quận Đống Đa, Hà Nội",REERACOEN VIỆT NAM,Hà Nội,,24/03/2025,24/03/2025,Việt Nam,manager,manager,"
Academic Assistant (in Finance),,,,,24/03/2025,24/03/2025,Việt Nam,support,leader,
Trưởng Phòng Kinh Doanh Online Tại FPT Telecom Đăk Lăk,"Buôn Ma Thuột, Đắk Lắk",FPT Telecom,Đắk Lắk,,24/03/2025,24/03/2025,Việt Nam,,,"
Purchasing Officer25049885,"Phú Quốc, Kiên Giang",Sheraton Phu Quoc Long Beach Resort,Kiên Giang,,24/03/2025,24/03/2025,Việt Nam,"support, manager",manager,
BẾP CHÍNH CHUYÊN CHAY (ƯU TIÊN NAM),Lâm Đồng,Kỳ Viên - Home & Cafe,Lâm Đồng,,24/03/2025,24/03/2025,Việt Nam,,,"
Chuyên Viên Marketing,"Quận 4, Hồ Chí Minh",CÔNG TY TNHH ỨNG DỤNG VÀ PHÁT TRIỂN DINH DƯỠNG HỌC HINU,Hồ Chí Minh,,24/03/2025,24/03/2025,Việt Nam,,leader,
Phiên Dịch Viên,"Tân Bình, Hồ Chí Minh",Freelance Headhunter,Hồ Chí Minh,,24/03/2025,24/03/2025,Việt Nam,,,"
Customer Service Representative,Bình Dương,Talent Viet,Bình Dương,,24/03/2025,24/03/2025,Việt Nam,"manager, director","manager, director",
Trưởng Nhóm,"Tây Hồ, Hà Nội",Nous by Sun Life đại diện cho Nous by Sun Life,Hà Nội,,24/03/2025,24/03/2025,Việt Nam,,,
Giám Đốc Marketing,"Quận Hai Bà Trưng, Hà Nội",TỔNG CÔNG TY CỔ PHẦN THƯƠNG MẠI XÂY DỰNG đại diện cho TỔNG CÔNG TY CỔ PHẦN THƯƠNG MẠI XÂY DỰNG,Hà Nội,,24/03/2025,24/03/2025,Việt Nam,developer,,
Leads Qualification - SPX Express,Hà Nội,Shopee,Hà Nội,,24/03/2025,24/03/2025,Việt Nam,,,"
Customer Experience Team Leader,Hồ Chí Minh,Maersk,Hồ Chí Minh,,24/03/2025,24/03/2025,Việt Nam,"support, manager","leader, manager",
Chuyên Viên Tuyển Dụng,"Quận 10, Hồ Chí Minh",Công Ty Bất Động Sản HECOLAND đại diện cho Công Ty Bất Động Sản HECOLAND,Hồ Chí Minh,,24/03/2025,24/03/2025,Việt Nam,,,
Nhân Viên Kiểm Soát Chất Lượng,"Buôn Ma Thuột, Đắk Lắk",CÔNG TY CỔ PHẦN MỘC ĐIỀN - CHI NHÁNH ĐĂK LĂK,Đắk Lắk,,24/03/2025,24/03/2025,Việt Nam,,,"
Nhân Viên Lễ Tân,"Tuy Hòa, Phú Yên",Công ty Cổ Phần Long Vân Hai Tám đại diện cho Công ty Cổ Phần Long Vân Hai Tám,Phú Yên,,24/03/2025,24/03/2025,Việt Nam,,,
Kỹ Sư Quy Trình Sản Xuất (PE Staff) - Bắc Ninh,,,,,24/03/2025,24/03/2025,Việt Nam,,,
Nhà Thiết Kế Nội Thất,"Quận 2, Hồ Chí Minh",Công ty Cổ phần S-House,Hồ Chí Minh,,24/03/2025,24/03/2025,Việt Nam,,,
Trợ Lý Học Tập,"Quận Hoàn Kiếm, Hà Nội",SIMPACE VN,Hà Nội,,24/03/2025,24/03/2025,Việt Nam,,,"• Lập kế hoạch, tổ chức kiểm tra thi đầu vào cho học viên."
Universal Banking Officer (40001601),Quảng Ninh,Techcombank,Quảng Ninh,,24/03/2025,24/03/2025,Việt Nam,,,
Nhân Viên Phục Vụ,"Quận 1, Hồ Chí Minh",Bệnh viện Phụ Sản Quốc Tế Sài Gòn,Hồ Chí Minh,,24/03/2025,24/03/2025,Việt Nam,,,
Kỹ Thuật Viên Điện Chữa Cháy,Đà Nẵng,Công ty TNHH Công Nghệ Danasmart,Đà Nẵng,,24/03/2025,24/03/2025,Việt Nam,,,
Kỹ Thuật Viên Y Tế,"Buôn Ma Thuột, Đắk Lắk",TRƯỜNG ĐẠI HỌC Y DƯỢC BUÔN MA THUỘT,Đắk Lắk,,24/03/2025,24/03/2025,Việt Nam,,,
Kỹ Sư Nông Nghiệp,Lâm Đồng,CÔNG TY TNHH AGRITECK JAPAN,Lâm Đồng,,24/03/2025,24/03/2025,Việt Nam,,,
Giáo Viên Trung Học,"Quận Cầu Giấy, Hà Nội",FUNiX đại diện cho Công Ty Cổ Phần Giáo Dục Trực Tuyến Funix,Hà Nội,,24/03/2025,24/03/2025,Việt Nam,,,
Nhân Viên Hành Chính Văn Phòng,"Quận 7, Hồ Chí Minh",Leong Lee International Co Ltd đại diện cho Công Ty TNHH Quốc Tế Leong Lee,Hồ Chí Minh,,24/03/2025,24/03/2025,Việt Nam,"support, manager",manager,"
Nhân Viên Xử Lý Đơn Hàng,"Quận Phú Nhuận, Hồ Chí Minh",Công Ty TNHH Xuất Nhập Khẩu và Phân Phối Minh Khang,Hồ Chí Minh,,24/03/2025,24/03/2025,Việt Nam,,,
Nhân Viên Kinh Doanh,"Phường Nguyễn Thái Bình, Hồ Chí Minh",CHI NHÁNH CÔNG TY CỔ PHẦN TẬP ĐOÀN VIỆT BA,Hồ Chí Minh,,24/03/2025,24/03/2025,Việt Nam,,,"
Kế Toán,Quảng Ngãi,DNTN Bảo hộ lao động Tập Bảo,Quảng Ngãi,,24/03/2025,24/03/2025,Việt Nam,,,
General Manager (Operation),Hồ Chí Minh,Talent Viet,Hồ Chí Minh,,24/03/2025,24/03/2025,Việt Nam,manager,manager,
Quản Lý Chất Lượng,"Tân Bình, Hồ Chí Minh",Công ty Worklink Việt Nam,Hồ Chí Minh,,24/03/2025,24/03/2025,Việt Nam,manager,"leader, manager",
Receptionist,Bình Dương,Công ty TNHH May Mặc Bowker Việt Nam,Bình Dương,,24/03/2025,24/03/2025,Việt Nam,"support, manager",manager,"
Kế Toán,"Quận Thủ Đức, Hồ Chí Minh",HR Strategy (Shasu Group) đại diện cho HR Strategy (Shasu Group),Hồ Chí Minh,,24/03/2025,24/03/2025,Việt Nam,support,,
Quản Trị Viên Vận Hành,"Tân Bình, Hồ Chí Minh",Freelance Headhunter đại diện cho Freelance Headhunter,Hồ Chí Minh,,24/03/2025,24/03/2025,Việt Nam,,leader,
Học Viên Thực Tập,"Bình Thạnh, Hồ Chí Minh",KYNA ENGLISH (DREAM VIET EDUCATION),Hồ Chí Minh,database,24/03/2025,24/03/2025,Việt Nam,,,
NHÂN VIÊN PHỤC VỤ,Đà Nẵng,The Temptation French Restaurant,Đà Nẵng,,24/03/2025,24/03/2025,Việt Nam,,,"- Chào đón khách đến với nhà hàng một cách niềm nở., 
Thực tập sinh Thu Mua,Hồ Chí Minh,Khách Sạn Nhật Hạ L'Opera,Hồ Chí Minh,,24/03/2025,24/03/2025,Việt Nam,,,"
QUẢN LÝ NHÀ HÀNG,Quảng Ninh,NHÀ HÀNG Á ĐÔNG CUISINE,Quảng Ninh,,24/03/2025,24/03/2025,Việt Nam,,,"- Chịu trách nhiệm đối với tất cả mọi hoạt động trong nhà hàng., 
Resident Services Assistant,Hồ Chí Minh,Keppel Corporation,Hồ Chí Minh,,24/03/2025,24/03/2025,Việt Nam,,,
Chuyên Viên Phân Tích Nghiệp Vụ,"Quận Đống Đa, Hà Nội",CÔNG TY CỔ PHẦN CÔNG NGHỆ PREP đại diện cho CÔNG TY CỔ PHẦN CÔNG NGHỆ PREP,Hà Nội,,24/03/2025,24/03/2025,Việt Nam,,,
Kế Toán,"Quận Bình Tân, Hồ Chí Minh",Công ty TNHH Lạc Tỷ,Hồ Chí Minh,,24/03/2025,24/03/2025,Việt Nam,,,
Quản Lý Chất Lượng,Hồ Chí Minh,CÔNG TY TNHH SẢN XUẤT THƯƠNG MẠI DỊCH VỤ VIỆT TOP,Hồ Chí Minh,,24/03/2025,24/03/2025,Việt Nam,,,
Head of Supply Chain Operation,Hồ Chí Minh,PNJ,Hồ Chí Minh,,24/03/2025,24/03/2025,Việt Nam,,,
NHÂN VIÊN PHỤ BẾP (FULLTIME),Bình Định,Khuiii Quy Nhơn,Bình Định,,24/03/2025,24/03/2025,Việt Nam,,,"- Thực hiện sơ chế thực phẩm theo quy định, 
NHÂN VIÊN BẾP NAM / NỮ,Quảng Ninh,NHÀ HÀNG Á ĐÔNG CUISINE,Quảng Ninh,,24/03/2025,24/03/2025,Việt Nam,,,"- Chế biến các món ăn theo thực đơn nhà hàng phục vụ khách hàng.,
NHÂN VIÊN PHỤC VỤ NAM / NỮ,Quảng Ninh,NHÀ HÀNG Á ĐÔNG CUISINE,Quảng Ninh,,24/03/2025,24/03/2025,Việt Nam,,,"- Chào đón khách., 
Kỹ Sư Xây Dựng,"Quận Cầu Giấy, Hà Nội",Công ty CP Tập đoàn Phú Minh Sơn đại diện cho Công ty CP Tập đoàn Phú Minh Sơn,Hà Nội,,24/03/2025,24/03/2025,Việt Nam,,,
Quản Lý Sản Xuất,"Nhơn Trạch, Đồng Nai",REERACOEN VIỆT NAM,Đồng Nai,,24/03/2025,24/03/2025,Việt Nam,,,
Nhân Viên Lễ Tân,"Nha Trang, Khánh Hòa",Công ty TNHH Queen Ann Nha Trang,Khánh Hòa,,24/03/2025,24/03/2025,Việt Nam,,,
Giảng Viên Kỹ Thuật Cơ Khí,"Buôn Ma Thuột, Đắk Lắk",Phân hiệu Đại học Đông Á tại tỉnh Đắk Lắk,Đắk Lắk,,24/03/2025,24/03/2025,Việt Nam,,,
Quản Lý Chất Lượng,"Châu Thành, Tiền Giang",Nhà máy chế biến thủy sản đông lạnh xuất khẩu An An,Tiền Giang,,24/03/2025,24/03/2025,Việt Nam,,,
Quản Lý Chất Lượng,"Tây Hồ, Hà Nội",Công Ty Cổ Phần Tập Đoàn Minh Anh,Hà Nội,,24/03/2025,24/03/2025,Việt Nam,"support, manager, director","manager, director",
NHÂN VIÊN BÁN HÀNG,Đà Nẵng,CÔNG TY TNHH HUỲNH KHÔI HƯNG,Đà Nẵng,,24/03/2025,24/03/2025,Việt Nam,,,"- Thực hiện công việc : bán hàng . , 
NHÂN VIÊN THU NGÂN,Quảng Ninh,NHÀ HÀNG Á ĐÔNG CUISINE,Quảng Ninh,,24/03/2025,24/03/2025,Việt Nam,,,"- Nhập dữ liệu vào phần mềm., 
NHÂN VIÊN BẢO VỆ,Bình Định,Khuiii Quy Nhơn,Bình Định,,24/03/2025,24/03/2025,Việt Nam,,,"- Giám sát và bảo vệ an toàn - an ninh, 
Trưởng Phòng Khách Hàng,"Quận 10, Hồ Chí Minh",Công Ty Bất Động Sản HECOLAND đại diện cho Công Ty Bất Động Sản HECOLAND,Hồ Chí Minh,,24/03/2025,24/03/2025,Việt Nam,,,
Office Assistant - F/M/X,Hồ Chí Minh,Mantu,Hồ Chí Minh,,24/03/2025,24/03/2025,Việt Nam,"support, manager","expert, leader, manager",
Nhân Viên Kế Toán Ngân Hàng,,,,,24/03/2025,24/03/2025,Việt Nam,,,"
Assistant Staff (N2) (25733) _Nhơn Trạch, Đồng Nai",Đồng Nai,Công Ty TNHH Reeracoen Việt Nam,Đồng Nai,,24/03/2025,24/03/2025,Việt Nam,manager,"junior, manager",
General Manager,Long An,Talent Viet,Long An,,24/03/2025,24/03/2025,Việt Nam,manager,manager,
Trợ Lý Nhân Viên Di Trú,"Quận 12, Hồ Chí Minh",CÔNG TY TNHH TƯ VẤN GIẢI PHÁP ĐỊNH CƯ ICAVIET đại diện cho CÔNG TY TNHH TƯ VẤN GIẢI PHÁP ĐỊNH CƯ ICAVIET,Hồ Chí Minh,,24/03/2025,24/03/2025,Việt Nam,,,
Nhân Viên Kinh Doanh,Hậu Giang,Công ty CP Vật Tư Hậu Giang-Chi Nhánh Vị Thanh,Hậu Giang,,24/03/2025,24/03/2025,Việt Nam,,,
Head of Operational Excellence,Hồ Chí Minh,PNJ,Hồ Chí Minh,deploy,24/03/2025,24/03/2025,Việt Nam,support,"senior, expert, leader",
Kỹ Sư Xây Dựng,Đà Nẵng,Công ty TNHH Xây Lắp Ba Đình,Đà Nẵng,,24/03/2025,24/03/2025,Việt Nam,,,
Nhân viên Chăm sóc Khách hàng,,,,,24/03/2025,24/03/2025,Việt Nam,,,
Nhân viên Dự Án (Nhập Liệu),,,,,24/03/2025,24/03/2025,Việt Nam,,,
Kỹ thuật viên SPA – Học viên SPA,,,,,24/03/2025,24/03/2025,Việt Nam,,,
Bác sĩ Chuẩn đoán Hình Ảnh,,,,,24/03/2025,24/03/2025,Việt Nam,,,
Call Center Officer,,,,,24/03/2025,24/03/2025,Việt Nam,support,,"
Cost Controller,Đà Nẵng,Mercure Danang French Village Bana Hills,Đà Nẵng,,24/03/2025,24/03/2025,Việt Nam,,,"
Quản Lý Mua Hàng,"Quận Hai Bà Trưng, Hà Nội",TỔNG CÔNG TY CỔ PHẦN THƯƠNG MẠI XÂY DỰNG đại diện cho TỔNG CÔNG TY CỔ PHẦN THƯƠNG MẠI XÂY DỰNG,Hà Nội,,24/03/2025,24/03/2025,Việt Nam,,,
Nhân Viên Vận Hành,"An Khánh, Hồ Chí Minh",Công ty TNHH Truyền thông Bright Starry,Hồ Chí Minh,,24/03/2025,24/03/2025,Việt Nam,,,
Quản Lý Hoạt Động Kinh Doanh,Đồng Tháp,HP,Đồng Tháp,,24/03/2025,24/03/2025,Việt Nam,,,
Nhà Phân Tích Nghiên Cứu Thị Trường,Tây Ninh,Công ty TNHH QL VietNam Agroresources đại diện cho Công ty TNHH QL VietNam Agroresources,Tây Ninh,,24/03/2025,24/03/2025,Việt Nam,,,
Logistics Officer,Hồ Chí Minh,Talent Viet,Hồ Chí Minh,,24/03/2025,24/03/2025,Việt Nam,"engineer, support",,
IT System Administration Expert,Hồ Chí Minh,PNJ,Hồ Chí Minh,cloud,24/03/2025,24/03/2025,Việt Nam,director,director,
Trainee - HR & Payroll Services,Hồ Chí Minh,TMF Group,Hồ Chí Minh,,24/03/2025,24/03/2025,Việt Nam,support,,"
Chuyên Viên Phân Tích Nghiệp Vụ,Bến Tre,Công ty Tnhh May Mặc Alliance One đại diện cho Công ty Tnhh May Mặc Alliance One,Bến Tre,,24/03/2025,24/03/2025,Việt Nam,,,
Nhân Viên Phát Triển Kinh Doanh,Bình Dương,"SUNRISING TRADING CO.,LTD đại diện cho CÔNG TY TNHH THƯƠNG MẠI SUNRISING",Bình Dương,,24/03/2025,24/03/2025,Việt Nam,,,
Nhân Viên Phụ Bếp,"Quận Hai Bà Trưng, Hà Nội",Công ty TNHH Đầu Tư Thương Mại và Dịch Vụ Vân Sơn,Hà Nội,,24/03/2025,24/03/2025,Việt Nam,,,
Kỹ Sư Điện,Đà Nẵng,Công ty TNHH Tư vấn Hạ Tầng Điện và Viễn thông P.T.I.C,Đà Nẵng,,24/03/2025,24/03/2025,Việt Nam,,,
Human Resources Officer - Talent Acquisitions,Quảng Nam,RENAISSANCE HOI AN RESORT & SPA,Quảng Nam,,24/03/2025,24/03/2025,Việt Nam,"support, manager",manager,"
Marketing Admin - Core Diagnostics (Based in Ho Chi Minh),Hồ Chí Minh,Abbott,Hồ Chí Minh,,24/03/2025,24/03/2025,Việt Nam,"support, director","leader, director"
Accountant Payable Coordinator,Bà Rịa-Vũng Tàu,The Grand Ho Tram,Bà Rịa-Vũng Tàu,database,24/03/2025,24/03/2025,Việt Nam,,,"Nhân Viên Kế Toán,"Nhà Bè, Hồ Chí Minh",Công ty Cổ Phần Chế Biến Thực Phẩm Robis,Hồ Chí Minh,,01/04/2025,01/04/2025,Việt Nam,,,
KE TOAN THANH TOAN - CONG NO,"Thủ Dầu Một, Bình Dương",CKL (VIETNAM) CORPORATION đại diện cho CKL (VIET NAM) CORPORATION,Bình Dương,,01/04/2025,01/04/2025,Việt Nam,,,
Nhân Viên Marketing,Đà Nẵng,WISE ENGLISH,Đà Nẵng,,01/04/2025,01/04/2025,Việt Nam,,,
Thư Ký,"Quận 12, Hồ Chí Minh",Công Ty Cổ Phần Tập Đoàn Địa Ốc Vạn Xuân,Hồ Chí Minh,,01/04/2025,01/04/2025,Việt Nam,,,
Nhân Viên Nhà Hàng,Thừa Thiên-Huế,SBH GLORIA HUE,Thừa Thiên-Huế,,01/04/2025,01/04/2025,Việt Nam,,,
Nhân Viên Kinh Doanh,Hà Nội,Bibabo,Hà Nội,,01/04/2025,01/04/2025,Việt Nam,,,
Kế Toán Chi Phí,"Quận 7, Hồ Chí Minh",CÔNG TY CỔ PHẦN KỸ THUẬT CÔNG NGHỆ TANACO,Hồ Chí Minh,,01/04/2025,01/04/2025,Việt Nam,,,
Kiến Trúc Sư Dự Án,"Quận Đống Đa, Hà Nội",CTCP Xây dựng và Thiết kế Kasi đại diện cho CTCP Xây dựng và Thiết kế Kasi,Hà Nội,,01/04/2025,01/04/2025,Việt Nam,,,
Nhân Viên Mua Hàng,"Cổ Dương, Hà Nội",CÔNG TY CỔ PHẦN CÔNG NGHỆ VÀ THIẾT BỊ HATECH,Hà Nội,,01/04/2025,01/04/2025,Việt Nam,,,
Trợ Lý Marketing,"Quận 9, Hồ Chí Minh",TẬP ĐOÀN GIÁO DỤC VÀ ĐẦU TƯ EI,Hồ Chí Minh,,01/04/2025,01/04/2025,Việt Nam,,leader,
Kỹ Sư Dữ Liệu,"Quận 12, Hồ Chí Minh",TMA Technology Group đại diện cho TMA Technology Group,Hồ Chí Minh,,01/04/2025,01/04/2025,Việt Nam,,,
Phiên Dịch Viên,Đà Nẵng,CÔNG TY TNHH MATRIX VIỆT NAM,Đà Nẵng,,01/04/2025,01/04/2025,Việt Nam,,,
Kỹ Sư Điện,"Quận Hai Bà Trưng, Hà Nội",Công ty cổ phần công nghệ Thông Minh,Hà Nội,,01/04/2025,01/04/2025,Việt Nam,,,
Kế Toán,"Củ Chi, Hồ Chí Minh",Công ty TNHH Đông Nam Dược Bảo Long đại diện cho Công ty TNHH Đông Nam Dược Bảo Long,Hồ Chí Minh,,01/04/2025,01/04/2025,Việt Nam,,,
Nhân Viên Lễ Tân,Thừa Thiên-Huế,SBH GLORIA HUE,Thừa Thiên-Huế,,01/04/2025,01/04/2025,Việt Nam,,,
Nhân Viên Kiểm Soát Chất Lượng,"Buôn Ma Thuột, Đắk Lắk","Megagrico Viet Nam Co.,ltd-Branch đại diện cho Megagrico Vietnam Co.,Ltd-Branch",Đắk Lắk,,01/04/2025,01/04/2025,Việt Nam,,,
Kỹ Thuật Viên Sửa Chữa Dụng Cụ,Đà Nẵng,CÔNG TY TNHH MATRIX VIỆT NAM,Đà Nẵng,,01/04/2025,01/04/2025,Việt Nam,,,
Cộng Tác Viên Tài Chính,"Quận 10, Hồ Chí Minh",Công Ty Bất Động Sản HECOLAND đại diện cho Công Ty Bất Động Sản HECOLAND,Hồ Chí Minh,,01/04/2025,01/04/2025,Việt Nam,,,
Nhân Viên Kiểm Soát Chất Lượng,Hải Dương,Công ty TNHH ORC  Việt Nam,Hải Dương,,01/04/2025,01/04/2025,Việt Nam,,,
Leader Content Marketing (Edtech) 20TR - 25TR,Hà Nội,Step Up đại diện cho Step Up Education,Hà Nội,,01/04/2025,01/04/2025,Việt Nam,"support, manager","senior, leader, manager",
NHÂN VIÊN VIDEO EDITOR ,"Quận 1, Hồ Chí Minh",CÔNG TY TNHH TRUYỀN THÔNG VÀ QUẢNG CÁO THẾ HỆ Z (GENZ VIET),Hồ Chí Minh,,01/04/2025,01/04/2025,Việt Nam,,,
Tư Vấn Dự Án,Hồ Chí Minh,"OUTSOURCE SOLUTIONS CO.,LTD đại diện cho OUTSOURCE SOLUTIONS CO.,LTD",Hồ Chí Minh,,01/04/2025,01/04/2025,Việt Nam,,,
Kỹ Sư Xây Dựng,Đà Nẵng,TPT STEEL đại diện cho HR DEPT TPT STEEL,Đà Nẵng,,01/04/2025,01/04/2025,Việt Nam,,,
Nhân Viên Kinh Doanh,"Quận 5, Hồ Chí Minh",Công ty Cổ phần DKRA Vega đại diện cho Công ty Cổ phần DKRA Vega,Hồ Chí Minh,,01/04/2025,01/04/2025,Việt Nam,,,
Quản Lý Cửa Hàng,"Quận 7, Hồ Chí Minh",Công ty TNHH Thời Trang VMG đại diện cho Công ty TNHH Thời Trang VMG,Hồ Chí Minh,,01/04/2025,01/04/2025,Việt Nam,,,
Công Nhân Sản Xuất,"Hải Lăng, Quảng Trị",Công ty Cổ phần Hiệp Phú - ViCo đại diện cho Saint Gobain Việt Nam,Quảng Trị,,01/04/2025,01/04/2025,Việt Nam,,,
Kỹ Thuật Viên Viễn Thông,"Quận 7, Hồ Chí Minh",CÔNG TY TNHH CÔNG NGHỆ HỒNG CƠ,Hồ Chí Minh,,01/04/2025,01/04/2025,Việt Nam,,,
Nhân Viên Kinh Doanh,"Quy Nhơn, Bình Định",Công ty TNHH Mãi Tín Bình Định,Bình Định,,01/04/2025,01/04/2025,Việt Nam,,,
Giám Sát Công Trường,Hà Nội,CÔNG TY CỔ PHẦN CÔNG NGHIỆP FUJI VIỆT NAM,Hà Nội,,01/04/2025,01/04/2025,Việt Nam,,,
Quản Lý Hoạt Động Kinh Doanh,"Quận 1, Hồ Chí Minh",CHI NHÁNH CÔNG TY CỔ PHẦN TẬP ĐOÀN VIỆT BA đại diện cho CHI NHÁNH CÔNG TY CỔ PHẦN TẬP ĐOÀN VIỆT BA,Hồ Chí Minh,,01/04/2025,01/04/2025,Việt Nam,,,
Chuyên Viên Giao Dịch Phòng Khách Hàng Tổ Chức,"Quận 7, Hồ Chí Minh",Công Ty Chứng Khoán Phú Hưng,Hồ Chí Minh,,01/04/2025,01/04/2025,Việt Nam,,,
Nhân Viên Quản Lý Hồ Sơ,"Quận Thủ Đức, Hồ Chí Minh",Công ty TNHH JV Vina đại diện cho Công ty TNHH JV Vina,Hồ Chí Minh,,01/04/2025,01/04/2025,Việt Nam,,,
Giảng Viên,"Buôn Ma Thuột, Đắk Lắk",Phân hiệu Đại học Đông Á tại tỉnh Đắk Lắk,Đắk Lắk,,01/04/2025,01/04/2025,Việt Nam,,,
"TRỢ LÝ GIÁM ĐỐC, PHỤ TRÁCH HẬU CẦN TIẾNG TRUNG","Phú Mỹ, Hồ Chí Minh",CÔNG TY TNHH WORLD WAVE CULTURE TECHNOLOGY,Hồ Chí Minh,,01/04/2025,01/04/2025,Việt Nam,,,
Nhân Viên Vận Hành Máy In,Hồ Chí Minh,CÔNG TY TNHH THƯƠNG MẠI VÀ ĐẦU TƯ PHÁT TRIỂN XUÂN PHÚC đại diện cho CÔNG TY TNHH THƯƠNG MẠI VÀ ĐẦU TƯ PHÁT TRIỂN XUÂN PHÚC,Hồ Chí Minh,,01/04/2025,01/04/2025,Việt Nam,,,
Quản Lý Chuỗi Cung Ứng,"Quận 12, Hồ Chí Minh",Công ty Vận tải Quốc tế Phước An,Hồ Chí Minh,,01/04/2025,01/04/2025,Việt Nam,,,
Quản Lý Chất Lượng,"Châu Thành, Tiền Giang",Nhà máy chế biến thủy sản đông lạnh xuất khẩu An An,Tiền Giang,,01/04/2025,01/04/2025,Việt Nam,,,
Nhân Viên Vận Hành Máy Cnc,"Huyện Ðông Anh, Hà Nội",REERACOEN VIỆT NAM,Hà Nội,,01/04/2025,01/04/2025,Việt Nam,,,
Trưởng Phòng Khách Hàng,"Quận 12, Hồ Chí Minh",Công ty TNHH Cửa Phú Mỹ Hưng,Hồ Chí Minh,,01/04/2025,01/04/2025,Việt Nam,,,
Quản Lý Sản Xuất,"Sơn Tịnh, Quảng Ngãi",CÔNG TY TNHH SOUTH SEA LEATHERWARES VIỆT NAM đại diện cho CÔNG TY TNHH SOUTH SEA LEATHERWARES VIỆT NAM,Quảng Ngãi,,01/04/2025,01/04/2025,Việt Nam,,,
Nhân Viên Kinh Doanh,Hà Nội,Công ty TNHH Thiết kế & Xây dựng DBPlus,Hà Nội,,01/04/2025,01/04/2025,Việt Nam,,,
Nhân Viên Phát Triển Sản Phẩm,"Bình Chánh, Hồ Chí Minh",CÔNG TY TNHH PET UNIVERSE đại diện cho CÔNG TY TNHH PET UNIVERSE,Hồ Chí Minh,,01/04/2025,01/04/2025,Việt Nam,,,
Nhân Viên Kinh Doanh,"Quận Hà Đông, Hà Nội",CÔNG TY CỔ PHẦN RTC TECHNOLOGY VIỆT NAM,Hà Nội,,01/04/2025,01/04/2025,Việt Nam,,,
Biên Tập Viên Video,"Quận Thanh Xuân, Hà Nội",Forest Music Group,Hà Nội,,01/04/2025,01/04/2025,Việt Nam,designer,,
Quản Lý Chất Lượng,"Củ Chi, Hồ Chí Minh",Công ty TNHH Đông Nam Dược Bảo Long đại diện cho Công ty TNHH Đông Nam Dược Bảo Long,Hồ Chí Minh,,01/04/2025,01/04/2025,Việt Nam,,,
Kỹ Sư Điện,"Quận Thanh Xuân, Hà Nội",Worklink,Hà Nội,,01/04/2025,01/04/2025,Việt Nam,engineer,,
Giám Đốc Kinh Doanh,Hồ Chí Minh,CHI NHÁNH CÔNG TY CỔ PHẦN HƯƠNG LIỆU VIỆT HƯƠNG,Hồ Chí Minh,,01/04/2025,01/04/2025,Việt Nam,,,
Dược Sĩ,"Quận 3, Hồ Chí Minh",Phòng Khám Da Liễu Táo Đỏ,Hồ Chí Minh,,01/04/2025,01/04/2025,Việt Nam,,,
Giám Đốc Kế Toán,"Quận Phú Nhuận, Hồ Chí Minh",VIETNAM INTERNATIONAL DEBT TRADING COMPANY,Hồ Chí Minh,,01/04/2025,01/04/2025,Việt Nam,,,
Chuyên Viên Nghiên Cứu,"Củ Chi, Hồ Chí Minh",Công ty TNHH Đông Nam Dược Bảo Long đại diện cho Công ty TNHH Đông Nam Dược Bảo Long,Hồ Chí Minh,,01/04/2025,01/04/2025,Việt Nam,,,
Tuyển Nhân viên Thời Vụ - Chính Thức Tại CO.OP ,"Quận 5, Hồ Chí Minh",Cửa hàng tiêu dùng hoá mỹ phẩm,Hồ Chí Minh,,01/04/2025,01/04/2025,Việt Nam,,,
Kiểm Soát Tài Chính,"Quận Phú Nhuận, Hồ Chí Minh",Công ty Cổ Phần Thẩm Định Giá Vietory,Hồ Chí Minh,,01/04/2025,01/04/2025,Việt Nam,,,
Nhân Viên Mua Hàng,Trà Vinh,Công Ty TNHH MTV PCT Việt Nam,Trà Vinh,,01/04/2025,01/04/2025,Việt Nam,,,
Quản Lý Sản Xuất,Hồ Chí Minh,CHI NHÁNH CÔNG TY CỔ PHẦN HƯƠNG LIỆU VIỆT HƯƠNG,Hồ Chí Minh,,01/04/2025,01/04/2025,Việt Nam,,,
Thợ Điện Bảo Trì,Bình Dương,Công ty Cổ phần Gia Lợi đại diện cho Công ty Cổ phần Gia Lợi,Bình Dương,,01/04/2025,01/04/2025,Việt Nam,,,
Nhân Viên Kinh Doanh,Bà Rịa-Vũng Tàu,Le &amp; Associates đại diện cho Lê Bảo Minh,Bà Rịa-Vũng Tàu,,01/04/2025,01/04/2025,Việt Nam,,,
Kế Toán Trưởng,"Quận 1, Hồ Chí Minh",Huge-Fam Co.Ltd,Hồ Chí Minh,,01/04/2025,01/04/2025,Việt Nam,"support, director",director,
Nhân Viên Đặt Lịch Hẹn,"Bình Thạnh, Hồ Chí Minh",Thẻ du lịch Crystal Bay đại diện cho Thẻ Du Lịch Crystal Bay,Hồ Chí Minh,,01/04/2025,01/04/2025,Việt Nam,,,
Kỹ Sư Thiết Kế Cơ Khí,"Cổ Dương, Hà Nội",CÔNG TY CỔ PHẦN CÔNG NGHỆ VÀ THIẾT BỊ HATECH,Hà Nội,,01/04/2025,01/04/2025,Việt Nam,,,
Phiên Dịch Viên,"Tân Bình, Hồ Chí Minh",Freelance Headhunter đại diện cho Freelance Headhunter,Hồ Chí Minh,,01/04/2025,01/04/2025,Việt Nam,,,
Nhân viên Creative and Digital Store Management,"Biên Hòa, Đồng Nai",Công ty Cổ phần Đầu Tư và Phát triển Ha Ta Fa - Head Office,Đồng Nai,,01/04/2025,01/04/2025,Việt Nam,,,
Học Viên Thực Tập,"Quận Thủ Đức, Hồ Chí Minh",Công ty Cổ Phần Unique Uniform,Hồ Chí Minh,,01/04/2025,01/04/2025,Việt Nam,,,
Trưởng nhóm Sản phẩm Lâm sàng,"Tân Bình, Hồ Chí Minh",Công ty TNHH TM&amp;DV Y Việt đại diện cho Công ty TNHH TM&amp;DV Y Việt,Hồ Chí Minh,,01/04/2025,01/04/2025,Việt Nam,,,
Chuyên Viên Nhân Sự / Compensation And Benefit,,,,,01/04/2025,01/04/2025,Việt Nam,,,"